<?xml version="1.0" encoding="utf-8"?>
<!--/2237144/278524/2.49/11/4/Connector/-->
<quadcept_library>
  <setting unit="mil" />
  <textstyle name="Default" height="47.244094488189" strokewidth="7.8740157480315" charwidth="47.244094488189" />
  <textstyle name="Dimension" height="19.6850393700787" strokewidth="0" charwidth="19.6850393700787" />
  <textstyle name="H127W0635TH00762" height="50" strokewidth="3" charwidth="25" />
  <textstyle name="H15W15TH02" height="59.0551181102362" strokewidth="7.8740157480315" charwidth="59.0551181102362" />
  <padstyle name="r135_40" surface="True" plated="False" isvia="False" nopaste="False" nomask="True" complex="False" holesize="0">
    <padshape layer="TOP" shape="rectangle" width="15.748031496063" height="53.149606299212" />
    <padshape layer="TOP_SOLDER_MASK" shape="rectangle" width="23.622047244094" height="61.023622047243" />
    <padshape layer="TOP_SOLDER_PASTE" shape="rectangle" width="15.748031496063" height="53.149606299212" />
  </padstyle>
  <padstyle name="c195_h130" surface="False" plated="True" isvia="False" nopaste="True" nomask="True" complex="False" holesize="51.181102362204">
    <padshape layer="TOP" shape="round" width="76.771653543306" height="76.771653543306" />
    <padshape layer="TOP_SOLDER_MASK" shape="round" width="84.645669291338" height="84.645669291338" />
    <padshape layer="INNER" shape="round" width="76.771653543306" height="76.771653543306" />
    <padshape layer="BOTTOM" shape="round" width="76.771653543306" height="76.771653543306" />
    <padshape layer="BOTTOM_SOLDER_MASK" shape="round" width="84.645669291338" height="84.645669291338" />
  </padstyle>
  <padstyle name="r160_140" surface="True" plated="False" isvia="False" nopaste="False" nomask="True" complex="False" holesize="0">
    <padshape layer="TOP" shape="rectangle" width="55.11811023622" height="62.992125984251" />
    <padshape layer="TOP_SOLDER_MASK" shape="rectangle" width="62.992125984251" height="70.866141732283" />
    <padshape layer="TOP_SOLDER_PASTE" shape="rectangle" width="55.11811023622" height="62.992125984251" />
  </padstyle>
  <padstyle name="r190_160" surface="True" plated="False" isvia="False" nopaste="False" nomask="True" complex="False" holesize="0">
    <padshape layer="TOP" shape="rectangle" width="62.992125984251" height="74.803149606298" />
    <padshape layer="TOP_SOLDER_MASK" shape="rectangle" width="70.866141732283" height="82.67716535433" />
    <padshape layer="TOP_SOLDER_PASTE" shape="rectangle" width="62.992125984251" height="74.803149606298" />
  </padstyle>
  <footprint name="101181930001LF" originx="0" originy="0" pickpointx="0" pickpointy="0">
    <pcbpin number="1" name="1" style="r135_40" originx="-51.181102362204" originy="102.36220472441" rotation="0" />
    <pcbpin number="2" name="2" style="r135_40" originx="-25.590551181102" originy="102.36220472441" rotation="0" />
    <pcbpin number="3" name="3" style="r135_40" originx="0" originy="102.36220472441" rotation="0" />
    <pcbpin number="4" name="4" style="r135_40" originx="25.590551181102" originy="102.36220472441" rotation="0" />
    <pcbpin number="5" name="5" style="r135_40" originx="51.181102362204" originy="102.36220472441" rotation="0" />
    <pcbpin number="6" name="MH1" style="c195_h130" originx="-129.92125984252" originy="-2.9527559055118" rotation="90" />
    <pcbpin number="7" name="MH2" style="c195_h130" originx="129.92125984252" originy="-2.9527559055118" rotation="90" />
    <pcbpin number="8" name="MP1" style="r160_140" originx="-125.9842519685" originy="93.503937007873" rotation="90" />
    <pcbpin number="9" name="MP2" style="r190_160" originx="-47.244094488188" originy="-2.9527559055118" rotation="90" />
    <pcbpin number="10" name="MP3" style="r190_160" originx="47.244094488188" originy="-2.9527559055118" rotation="90" />
    <pcbpin number="11" name="MP4" style="r160_140" originx="125.9842519685" originy="93.503937007873" rotation="90" />
    <line layer="TOP_ASSEMBLY" originx="-154.72440944882" originy="-111.22047244094" endx="154.72440944882" endy="-111.22047244094" width="7.8740157480314" />
    <line layer="TOP_ASSEMBLY" originx="154.72440944882" originy="-111.22047244094" endx="154.72440944882" endy="111.22047244094" width="7.8740157480314" />
    <line layer="TOP_ASSEMBLY" originx="154.72440944882" originy="111.22047244094" endx="-154.72440944882" endy="111.22047244094" width="7.8740157480314" />
    <line layer="TOP_ASSEMBLY" originx="-154.72440944882" originy="111.22047244094" endx="-154.72440944882" endy="-111.22047244094" width="7.8740157480314" />
    <line layer="TOP_SILKSCREEN" originx="-154.72440944882" originy="-78.740157480314" endx="-154.72440944882" endy="-78.740157480314" width="3.9370078740157" />
    <line layer="TOP_SILKSCREEN" originx="-154.72440944882" originy="-78.740157480314" endx="-154.72440944882" endy="-111.22047244094" width="3.9370078740157" />
    <line layer="TOP_SILKSCREEN" originx="-154.72440944882" originy="-111.22047244094" endx="-154.72440944882" endy="-111.22047244094" width="3.9370078740157" />
    <line layer="TOP_SILKSCREEN" originx="-154.72440944882" originy="-111.22047244094" endx="-154.72440944882" endy="-78.740157480314" width="3.9370078740157" />
    <line layer="TOP_SILKSCREEN" originx="-154.72440944882" originy="-111.22047244094" endx="154.72440944882" endy="-111.22047244094" width="3.9370078740157" />
    <line layer="TOP_SILKSCREEN" originx="154.72440944882" originy="-111.22047244094" endx="154.72440944882" endy="-111.22047244094" width="3.9370078740157" />
    <line layer="TOP_SILKSCREEN" originx="154.72440944882" originy="-111.22047244094" endx="-154.72440944882" endy="-111.22047244094" width="3.9370078740157" />
    <line layer="TOP_SILKSCREEN" originx="-154.72440944882" originy="-111.22047244094" endx="-154.72440944882" endy="-111.22047244094" width="3.9370078740157" />
    <line layer="TOP_SILKSCREEN" originx="154.72440944882" originy="-111.22047244094" endx="154.72440944882" endy="-111.22047244094" width="3.9370078740157" />
    <line layer="TOP_SILKSCREEN" originx="154.72440944882" originy="-111.22047244094" endx="154.72440944882" endy="-78.740157480314" width="3.9370078740157" />
    <line layer="TOP_SILKSCREEN" originx="154.72440944882" originy="-78.740157480314" endx="154.72440944882" endy="-78.740157480314" width="3.9370078740157" />
    <line layer="TOP_SILKSCREEN" originx="154.72440944882" originy="-78.740157480314" endx="154.72440944882" endy="-111.22047244094" width="3.9370078740157" />
    <line layer="TOP_PLACE_BOUND" originx="-207.67716535433" originy="226.3779527559" endx="207.67716535433" endy="226.3779527559" width="3.9370078740157" />
    <line layer="TOP_PLACE_BOUND" originx="207.67716535433" originy="226.3779527559" endx="207.67716535433" endy="-150.5905511811" width="3.9370078740157" />
    <line layer="TOP_PLACE_BOUND" originx="207.67716535433" originy="-150.5905511811" endx="-207.67716535433" endy="-150.5905511811" width="3.9370078740157" />
    <line layer="TOP_PLACE_BOUND" originx="-207.67716535433" originy="-150.5905511811" endx="-207.67716535433" endy="226.3779527559" width="3.9370078740157" />
    <line layer="TOP_SILKSCREEN" originx="-55.11811023622" originy="185.03937007874" endx="-55.11811023622" endy="185.03937007874" width="7.8740157480314" />
    <arc layer="TOP_SILKSCREEN" originx="-53.149606299212" originy="185.03937007874" startangle="180.0" sweepangle="180.0" radius="1.9685039370078" width="7.8740157480314" />
    <line layer="TOP_SILKSCREEN" originx="-51.181102362204" originy="185.03937007874" endx="-51.181102362204" endy="185.03937007874" width="7.8740157480314" />
    <arc layer="TOP_SILKSCREEN" originx="-53.149606299212" originy="185.03937007874" startangle=".0" sweepangle="180.0" radius="1.9685039370078" width="7.8740157480314" />
    <line layer="TOP_SILKSCREEN" originx="-55.11811023622" originy="185.03937007874" endx="-55.11811023622" endy="185.03937007874" width="7.8740157480314" />
    <arc layer="TOP_SILKSCREEN" originx="-53.149606299212" originy="185.03937007874" startangle="180.0" sweepangle="180.0" radius="1.9685039370078" width="7.8740157480314" />
  </footprint>
  <symbol name="10118193-0001LF" originx="0" originy="0">
    <line originx="200" originy="100" endx="800" endy="100" width="0" />
    <line originx="800" originy="-600" endx="800" endy="100" width="0" />
    <line originx="800" originy="-600" endx="200" endy="-600" width="0" />
    <line originx="200" originy="100" endx="200" endy="-600" width="0" />
    <sympin number="1" originx="200" originy="0" rotation="180" length="100" width="7.8740157480315" flipped="False">
      <text name="pinname" originx="230" originy="0" style="Default" rotation="0" justify="left" flipped="False" hidden="False" data="1" />
      <text name="pindes" originx="140" originy="20" style="Default" rotation="0" justify="lowerright" flipped="False" hidden="False" data="1" />
    </sympin>
    <sympin number="2" originx="200" originy="-100" rotation="180" length="100" width="7.8740157480315" flipped="False">
      <text name="pinname" originx="230" originy="-100" style="Default" rotation="0" justify="left" flipped="False" hidden="False" data="2" />
      <text name="pindes" originx="140" originy="-80" style="Default" rotation="0" justify="lowerright" flipped="False" hidden="False" data="2" />
    </sympin>
    <sympin number="3" originx="200" originy="-200" rotation="180" length="100" width="7.8740157480315" flipped="False">
      <text name="pinname" originx="230" originy="-200" style="Default" rotation="0" justify="left" flipped="False" hidden="False" data="3" />
      <text name="pindes" originx="140" originy="-180" style="Default" rotation="0" justify="lowerright" flipped="False" hidden="False" data="3" />
    </sympin>
    <sympin number="4" originx="200" originy="-300" rotation="180" length="100" width="7.8740157480315" flipped="False">
      <text name="pinname" originx="230" originy="-300" style="Default" rotation="0" justify="left" flipped="False" hidden="False" data="4" />
      <text name="pindes" originx="140" originy="-280" style="Default" rotation="0" justify="lowerright" flipped="False" hidden="False" data="4" />
    </sympin>
    <sympin number="5" originx="200" originy="-400" rotation="180" length="100" width="7.8740157480315" flipped="False">
      <text name="pinname" originx="230" originy="-400" style="Default" rotation="0" justify="left" flipped="False" hidden="False" data="5" />
      <text name="pindes" originx="140" originy="-380" style="Default" rotation="0" justify="lowerright" flipped="False" hidden="False" data="5" />
    </sympin>
    <sympin number="6" originx="200" originy="-500" rotation="180" length="100" width="7.8740157480315" flipped="False">
      <text name="pinname" originx="230" originy="-500" style="Default" rotation="0" justify="left" flipped="False" hidden="False" data="MH1" />
      <text name="pindes" originx="140" originy="-480" style="Default" rotation="0" justify="lowerright" flipped="False" hidden="False" data="MH1" />
    </sympin>
    <sympin number="7" originx="800" originy="0" rotation="0" length="100" width="7.8740157480315" flipped="False">
      <text name="pinname" originx="770" originy="0" style="Default" rotation="0" justify="right" flipped="False" hidden="False" data="MH2" />
      <text name="pindes" originx="860" originy="20" style="Default" rotation="0" justify="lowerleft" flipped="False" hidden="False" data="MH2" />
    </sympin>
    <sympin number="8" originx="800" originy="-100" rotation="0" length="100" width="7.8740157480315" flipped="False">
      <text name="pinname" originx="770" originy="-100" style="Default" rotation="0" justify="right" flipped="False" hidden="False" data="MP1" />
      <text name="pindes" originx="860" originy="-80" style="Default" rotation="0" justify="lowerleft" flipped="False" hidden="False" data="MP1" />
    </sympin>
    <sympin number="9" originx="800" originy="-200" rotation="0" length="100" width="7.8740157480315" flipped="False">
      <text name="pinname" originx="770" originy="-200" style="Default" rotation="0" justify="right" flipped="False" hidden="False" data="MP2" />
      <text name="pindes" originx="860" originy="-180" style="Default" rotation="0" justify="lowerleft" flipped="False" hidden="False" data="MP2" />
    </sympin>
    <sympin number="10" originx="800" originy="-300" rotation="0" length="100" width="7.8740157480315" flipped="False">
      <text name="pinname" originx="770" originy="-300" style="Default" rotation="0" justify="right" flipped="False" hidden="False" data="MP3" />
      <text name="pindes" originx="860" originy="-280" style="Default" rotation="0" justify="lowerleft" flipped="False" hidden="False" data="MP3" />
    </sympin>
    <sympin number="11" originx="800" originy="-400" rotation="0" length="100" width="7.8740157480315" flipped="False">
      <text name="pinname" originx="770" originy="-400" style="Default" rotation="0" justify="right" flipped="False" hidden="False" data="MP4" />
      <text name="pindes" originx="860" originy="-380" style="Default" rotation="0" justify="lowerleft" flipped="False" hidden="False" data="MP4" />
    </sympin>
  </symbol>
  <component name="10118193-0001LF" designatorprefix="J" height="122.04724409449" footprint="101181930001LF">
    <comppin designator="1" sympin="1" pinswap="0" gateswap="0" gate="1" group="1" side="" type="Any" name="1" />
    <comppin designator="2" sympin="2" pinswap="0" gateswap="0" gate="1" group="1" side="" type="Any" name="2" />
    <comppin designator="3" sympin="3" pinswap="0" gateswap="0" gate="1" group="1" side="" type="Any" name="3" />
    <comppin designator="4" sympin="4" pinswap="0" gateswap="0" gate="1" group="1" side="" type="Any" name="4" />
    <comppin designator="5" sympin="5" pinswap="0" gateswap="0" gate="1" group="1" side="" type="Any" name="5" />
    <comppin designator="MH1" sympin="6" pinswap="0" gateswap="0" gate="1" group="1" side="" type="Any" name="MH1" />
    <comppin designator="MH2" sympin="7" pinswap="0" gateswap="0" gate="1" group="1" side="" type="Any" name="MH2" />
    <comppin designator="MP1" sympin="8" pinswap="0" gateswap="0" gate="1" group="1" side="" type="Any" name="MP1" />
    <comppin designator="MP2" sympin="9" pinswap="0" gateswap="0" gate="1" group="1" side="" type="Any" name="MP2" />
    <comppin designator="MP3" sympin="10" pinswap="0" gateswap="0" gate="1" group="1" side="" type="Any" name="MP3" />
    <comppin designator="MP4" sympin="11" pinswap="0" gateswap="0" gate="1" group="1" side="" type="Any" name="MP4" />
    <attached_symbol gate="1" name="10118193-0001LF" />
    <pinmap designator="1" footprintpin="1" />
    <pinmap designator="2" footprintpin="2" />
    <pinmap designator="3" footprintpin="3" />
    <pinmap designator="4" footprintpin="4" />
    <pinmap designator="5" footprintpin="5" />
    <pinmap designator="MH1" footprintpin="6" />
    <pinmap designator="MH2" footprintpin="7" />
    <pinmap designator="MP1" footprintpin="8" />
    <pinmap designator="MP2" footprintpin="9" />
    <pinmap designator="MP3" footprintpin="10" />
    <pinmap designator="MP4" footprintpin="11" />
    <text name="Datasheet" originx="0" originy="0" style="Default" rotation="0" justify="" flipped="False" hidden="True" data="https://datasheet.datasheetarchive.com/originals/distributors/Datasheets_SAMA/035be5b62fc6b7a9cadde58b72893b5e.pdf" />
    <text name="Description" originx="0" originy="0" style="Default" rotation="0" justify="" flipped="False" hidden="True" data="USB Connectors 5P MICRO USB TYPE B RECEPTACLE W/ PEGS" />
    <text name="Manufacturer_Name" originx="0" originy="0" style="Default" rotation="0" justify="" flipped="False" hidden="True" data="Amphenol" />
    <text name="Manufacturer_Part_Number" originx="850" originy="200" style="Default" rotation="0" justify="left" flipped="False" hidden="False" data="10118193-0001LF" />
    <text name="Mouser Part Number" originx="0" originy="0" style="Default" rotation="0" justify="" flipped="False" hidden="True" data="649-10118193-0001LF" />
    <text name="Mouser Price/Stock" originx="0" originy="0" style="Default" rotation="0" justify="" flipped="False" hidden="True" data="https://www.mouser.co.uk/ProductDetail/Amphenol-FCI/10118193-0001LF?qs=Ywefl8B65e63Nsqd%252B8HZaQ%3D%3D" />
    <text name="Arrow Part Number" originx="0" originy="0" style="Default" rotation="0" justify="" flipped="False" hidden="True" data="10118193-0001LF" />
    <text name="Arrow Price/Stock" originx="0" originy="0" style="Default" rotation="0" justify="" flipped="False" hidden="True" data="https://www.arrow.com/en/products/10118193-0001lf/amphenol-fci?region=nac" />
  </component>
</quadcept_library>
